source_url,target_url,status
https://alusat.com/aluminum-cnc-machining-services/,https://alusat.com/services/aluminum-cnc-machining/,301
https://alusat.com/aluminum-extrusion-applications/,https://alusat.com/industries/,301
https://alusat.com/aluminum-extrusion-services/,https://alusat.com/services/,301
https://alusat.com/aluminum-extrusions/,https://alusat.com/services/,301
https://alusat.com/aluminum-surface-finishing-services/,https://alusat.com/services/aluminum-surface-finishing/,301
https://alusat.com/custom-aluminum-extrusion-fabrication-services/,https://alusat.com/services/extrusion-fabrication/,301
https://alusat.com/custom-aluminum-extrusions-suppliers/,https://alusat.com/services/custom-aluminum-extrusion/,301
https://alusat.com/irregular-aluminum-extrusion-fabrication-services/,https://alusat.com/services/extrusion-fabrication/,301
https://alusat.com/oem-aluminum-extrusion/,https://alusat.com/services/oem-extrusion/,301
https://alusat.com/6061-t6-aluminum-properties-specifications/,https://alusat.com/blog/6061-t6-aluminum-properties-specifications/,301
https://alusat.com/6082-aluminum-alloy-suppliers-guide/,https://alusat.com/blog/6082-aluminum-alloy-suppliers-guide/,301
https://alusat.com/6082-t6-aluminum-properties-specifications-guide/,https://alusat.com/blog/6082-t6-aluminum-properties-specifications-guide/,301
https://alusat.com/7075-aluminum-alloy-guide-properties-suppliers/,https://alusat.com/blog/7075-aluminum-alloy-guide-properties-suppliers/,301
https://alusat.com/aluminium-7075-vs-6061/,https://alusat.com/blog/aluminium-7075-vs-6061/,301
https://alusat.com/aluminum-alloy-6061-properties/,https://alusat.com/blog/aluminum-alloy-6061-properties/,301
https://alusat.com/aluminum-extrusion-alloys/,https://alusat.com/blog/aluminum-extrusion-alloys/,301
https://alusat.com/aluminum-extrusion-benefits/,https://alusat.com/blog/aluminum-extrusion-benefits/,301
https://alusat.com/aluminum-extrusion-finishes/,https://alusat.com/blog/aluminum-extrusion-finishes/,301
https://alusat.com/aluminum-extrusion-process/,https://alusat.com/blog/aluminum-extrusion-process/,301
https://alusat.com/aluminum-extrusion-sliding-shower-door-profiles/,https://alusat.com/blog/aluminum-extrusion-sliding-shower-door-profiles/,301
https://alusat.com/aluminum-extrusion-vs-machining/,https://alusat.com/blog/aluminum-extrusion-vs-machining/,301
https://alusat.com/aluminum-vs-copper-conductivity-comparison/,https://alusat.com/blog/aluminum-vs-copper-conductivity-comparison/,301
https://alusat.com/category/knowledge/,https://alusat.com/categories/knowledge/,301
https://alusat.com/precision-aluminum-extrusions-manufacturer/,https://alusat.com/blog/precision-aluminum-extrusions-manufacturer/,301
https://alusat.com/technical-insights/,https://alusat.com/blog/,301
https://alusat.com/top-aluminum-extrusion-manufacturer-china-guide/,https://alusat.com/blog/top-aluminum-extrusion-manufacturer-china-guide/,301
https://alusat.com/tag/aluminium-6061-vs-7075-chemical-properties/,,410
https://alusat.com/tag/aluminium-6061-vs-7075-density/,,410
https://alusat.com/tag/aluminium-6061-vs-7075-mechanical-properties/,,410
https://alusat.com/tag/aluminum-alloy-6061-properties/,,410
https://alusat.com/tag/aluminum-extrusion-advantages/,,410
https://alusat.com/tag/aluminum-extrusion-alloys/,,410
https://alusat.com/tag/aluminum-extrusion-benefits/,,410
https://alusat.com/tag/aluminum-extrusion-process/,,410
https://alusat.com/tag/aluminum-extrusion-profile-company/,,410
https://alusat.com/tag/aluminum-extrusion-vs-machining/,,410
https://alusat.com/tag/aluminum-extrusions-supplier/,,410
https://alusat.com/tag/custom-aluminum-extrusion-suppliers/,,410
https://blog.alusat.com/*,https://alusat.com/$1,301
https://www.alusat.com/*,https://alusat.com/$1,301
